Dataset,TargetProperty,StratSeed,HyperparamName,Population,Generations,EvolutionSeconds,StratifiedKFoldSeconds,RandomTargetEmd,LabelTargetEmd,StratifiedKFoldTargetEmd,WdesTargetEmd,RandomToWdesRatio,LabelToWdesRatio,RandomToStratifiedKFoldRatio,LabelToStratifiedKFoldRatio,StratifiedKFoldToWdesRatio,DegreeEmd,NeighHetEmd,PageRankEmd,EigCentralityEmd,ClusteringEmd
Cora,Degree,0,pop100_gen200,100,200,29.83366354199825,0.0006374999938998371,0.26897308119909613,0.40602873607785606,0.15944945278528916,0.1169588073915814,2.2997248962924752,3.4715533197808726,1.6868861981062355,2.546441702905087,1.3632958162051694,0.1169588073915814,0.008030339999800558,1.167173713839289e-05,0.000844876765349719,0.009697726044238379
Cora,Neighborhood Heterogeneity,0,pop100_gen200,100,200,25.614628749986878,0.0005309170228429139,0.007419565127568121,0.013568164222910021,0.002567268328516927,0.001521551262126802,4.876316238729389,8.917323103491526,2.890062189897499,5.285058858942162,1.6872703486364549,0.23585090528904512,0.001521551262126802,1.6371884360452822e-05,0.0008388866954378582,0.013065780123638798
Cora,PageRank,0,pop100_gen200,100,200,33.132213957986096,0.0006148339889477938,1.9076487445213708e-05,2.7733618360247745e-05,1.2206231927975138e-05,9.296408223526435e-06,2.0520277279709824,2.9832616741229407,1.562848187530569,2.272086793360513,1.313005155806821,0.16143783234821804,0.014753159834190507,9.296408223526435e-06,0.0009126701714005378,0.006879094534177085
Cora,Eigenvector Centrality,0,pop100_gen200,100,200,32.698591249994934,0.000608125003054738,0.0012609059738635017,0.0007100571108405935,0.0006143173828330568,0.00044417203062712025,2.838778416739222,1.598608336139657,2.052531816776147,1.1558473367073097,1.383061832969786,0.2530127963399381,0.00982383266669319,1.8795442293422602e-05,0.00044417203062712025,0.009095617319758243
Cora,Clustering Coefficient,0,pop100_gen200,100,200,27.49855375001789,0.0005402079841587692,0.009579890009678002,0.009601060828420552,0.0020628456593552473,0.001514476224908417,6.325546649144204,6.339525619823544,4.644016854209172,4.654279773612056,1.3620852050549628,0.2968373950552144,0.015786026681934292,2.1914601529761976e-05,0.0009926964554898847,0.001514476224908417
Cora,Degree,1,pop100_gen200,100,200,28.338367958000163,0.0007770420052111149,0.2543631225334695,0.2595341421732891,0.19179951746221305,0.11894581776289152,2.1384789084431786,2.181952649151974,1.3261927136160927,1.3531532592328894,1.612494840672324,0.11894581776289152,0.011087013023914339,1.2047363170591908e-05,0.0007903818920744659,0.010060233558586356
Cora,Neighborhood Heterogeneity,1,pop100_gen200,100,200,23.723577040975215,0.0005813330062665045,0.011869421763793889,0.015016288963528513,0.0030528017825977444,0.002706848697484524,4.384959445581184,5.547516925302533,3.888042070551253,4.918854885740595,1.127806583882843,0.24998136478823954,0.002706848697484524,1.7573961196495745e-05,0.0009980972099784431,0.010887175448670598
Cora,PageRank,1,pop100_gen200,100,200,29.89016612499836,0.0006684169929940253,1.854918284356529e-05,2.057194222610257e-05,1.1671613407111354e-05,9.934416687045857e-06,1.8671637628963957,2.070775051435852,1.589256103381862,1.7625619962333887,1.17486650447537,0.17030195571643295,0.011669471087473127,9.934416687045857e-06,0.0008252795715744813,0.006939794822837195
Cora,Eigenvector Centrality,1,pop100_gen200,100,200,31.745073541009333,0.0006463750032708049,0.0010592496219496896,0.0007407850821359054,0.0005701333177326728,0.00044793987099847913,2.3647138612344825,1.6537600916941384,1.8578981248844615,1.299319052396178,1.2727898422210522,0.2794250205230126,0.00827754367512339,2.0387273761155028e-05,0.00044793987099847913,0.015917046602620676
Cora,Clustering Coefficient,1,pop100_gen200,100,200,28.02146616601385,0.000583083980018273,0.010070372456558504,0.01312044524318939,0.00172845453279822,0.0017021972287178209,5.916102016065439,7.707946542171473,5.826229308013924,7.590853559768513,1.015425535676719,0.1898314168462351,0.009060101036011566,1.5167572770840657e-05,0.0009533557430021433,0.0017021972287178209
Cora,Degree,2,pop100_gen200,100,200,28.254723458027,0.000753208005335182,0.22191878311971394,0.2880084787518428,0.17799083814344374,0.1213596028445596,1.8286050540553684,2.3731824429314528,1.2467989107443185,1.6181084473557863,1.4666399194748423,0.1213596028445596,0.014415391310411165,1.1444799598663354e-05,0.0007255127016563456,0.010317251140328674
Cora,Neighborhood Heterogeneity,2,pop100_gen200,100,200,23.412645292002708,0.0005976660177111626,0.00908160894129743,0.01513166615556232,0.003127953744345145,0.0026305519083651948,3.4523587663933855,5.752278108424089,2.9033706005773166,4.837560716144868,1.1890864933697773,0.26279854686756243,0.0026305519083651948,1.9862196355250202e-05,0.0006758648407092216,0.01300379183130749
Cora,PageRank,2,pop100_gen200,100,200,32.03136441699462,0.0007554579933639616,1.66699110775385e-05,2.2586675250915984e-05,1.4719253268867915e-05,9.022047221225058e-06,1.8476860815271787,2.503497786819282,1.132524237000279,1.5344987166358588,1.6314759730186008,0.15137345384489703,0.0063242864345292495,9.022047221225058e-06,0.0008606147499574833,0.009255269065321337
Cora,Eigenvector Centrality,2,pop100_gen200,100,200,32.38910058300826,0.0006834999949205667,0.0008027274574307344,0.0007339245870973372,0.0005486256054349074,0.00044880850983697784,1.7885745030153544,1.6352733315237782,1.4631607593203657,1.3377512457070597,1.2224046412002891,0.3219474041612961,0.012127584604000203,2.287731618867255e-05,0.00044880850983697784,0.019212620903077533
Cora,Clustering Coefficient,2,pop100_gen200,100,200,29.796837333007716,0.0006373340147547424,0.010381056564755062,0.00902135762287154,0.0023694362891598956,0.0014050374064364982,7.38845565050388,6.420724161182158,4.3812347317579725,3.807385606502271,1.6863866245165227,0.23920957766765422,0.014041161682076583,1.759667291763969e-05,0.0009532092323570592,0.0014050374064364982
Cora,Degree,3,pop100_gen200,100,200,28.971921707998263,0.000760875002015382,0.33609025691001554,0.23781076657532427,0.1666477344105159,0.12381678596080078,2.7144159356261963,1.92066661018493,2.016770633569486,1.4270267004621084,1.3459219855963227,0.12381678596080078,0.011992600020038435,1.2850659829715172e-05,0.0008939592286635704,0.009834642536615128
Cora,Neighborhood Heterogeneity,3,pop100_gen200,100,200,26.51666379199014,0.0006568749959114939,0.009094417088835563,0.012022368079523789,0.0026117372122283176,0.0014754739234019542,6.163726071055765,8.148139990033975,3.4821332890058505,4.603207406638886,1.7701005560345768,0.24236233430627663,0.0014754739234019542,1.8836113597809328e-05,0.0007458390685979758,0.009315754340664612
Cora,PageRank,3,pop100_gen200,100,200,31.69887100000051,0.0007332079985644668,2.4507559756539373e-05,1.7364371710429918e-05,1.3502608287037103e-05,9.362980528969264e-06,2.6174955379552967,1.8545773599233895,1.8150241224184325,1.2860012925873159,1.442127135185184,0.16780815302125632,0.014898644615758665,9.362980528969264e-06,0.0006602046447859321,0.010783839036767951
Cora,Eigenvector Centrality,3,pop100_gen200,100,200,32.13692554100999,0.0007807500078342855,0.0009334696125981728,0.000664730457370697,0.000582358004647631,0.0004454061316013577,2.0957718054802985,1.4924142489480507,1.602913680499661,1.1414464162348166,1.307476398122077,0.29401386804722335,0.009419890644328879,2.1838982954993032e-05,0.0004454061316013577,0.00822938605683204
Cora,Clustering Coefficient,3,pop100_gen200,100,200,27.39832895802101,0.0007248749898280948,0.010765921365833448,0.017183309792097333,0.002273306382861542,0.001994846791283574,5.396866272074043,8.613849377896745,4.735798679402713,7.558730280107563,1.1395894626066971,0.2092242973339332,0.00961612208448825,1.543871393829909e-05,0.0007163857576139186,0.001994846791283574
Cora,Degree,4,pop100_gen200,100,200,28.415294042002643,0.0006539589958265424,0.24653707914472472,0.38153285626156747,0.16848044323362196,0.11691055421763466,2.1087666617830245,3.2634594781864226,1.4632979021954862,2.2645527809570054,1.4411055046406456,0.11691055421763466,0.014848064413974038,1.2057899778838397e-05,0.0008992040348093742,0.010690675616603624
Cora,Neighborhood Heterogeneity,4,pop100_gen200,100,200,23.689495333004743,0.0005926669982727617,0.013779527545468923,0.012081757015680731,0.0031753889931865286,0.002800428998179119,4.920505949063011,4.314252217619683,4.339477013693701,3.8048116440551714,1.133893769580023,0.28396858467911573,0.002800428998179119,2.1795143429691918e-05,0.0008685913825054658,0.011863029513648721
Cora,PageRank,4,pop100_gen200,100,200,32.94017529202392,0.0008021660032682121,1.8391325592067183e-05,2.5897297087781245e-05,1.1105519531614926e-05,9.28518859324004e-06,1.980716428900189,2.7890975856575957,1.6560526988144229,2.33193026351063,1.1960467383182882,0.15489524842853425,0.012173422446063068,9.28518859324004e-06,0.000962111158026019,0.00818896967356579
Cora,Eigenvector Centrality,4,pop100_gen200,100,200,32.2478321249946,0.0007905839884188026,0.0007365098638704858,0.0008589489229825498,0.000556118690848422,0.0004395814851989916,1.6754797203005023,1.954015243826107,1.3243753105058502,1.5445424459158639,1.2651094497227877,0.31607184626986373,0.008473093188766653,2.525409175169578e-05,0.0004395814851989916,0.012861510510052016
Cora,Clustering Coefficient,4,pop100_gen200,100,200,28.30245279200608,0.0006259589863475412,0.0112117419072951,0.014874719803874198,0.002246587695447162,0.0016648938011384075,6.734208451991848,8.934335507588102,4.9905649933079985,6.621027896671323,1.3493879873364947,0.2858232872130674,0.008758980770024415,2.0019546475661346e-05,0.0010703286597716476,0.0016648938011384075
