Dataset,StratificationType,Fold_Seed,Fold,Model,Init_Seed,Stopped_Epoch,Best_Epoch,Best_Val_Loss,Best_Val_Accuracy,Test_Loss,Test_Accuracy,Stopped_Early,Early_Stopping_Patience
Computers,RandomKFold,0,1,MLP,100,156,56,0.45874080061912537,0.850963294506073,0.45708706974983215,0.847328245639801,True,100
Computers,RandomKFold,0,1,GCN,100,650,550,0.30088087916374207,0.9102144837379456,0.3244865834712982,0.9080334305763245,True,100
Computers,RandomKFold,0,1,GPRGNN,100,822,722,0.30484211444854736,0.9131224751472473,0.3096444606781006,0.9116684794425964,True,100
Computers,RandomKFold,0,1,GAT,100,1000,998,0.2534560561180115,0.9247546195983887,0.26904264092445374,0.9196655750274658,False,100
Computers,RandomKFold,0,2,MLP,100,151,51,0.48213082551956177,0.8414545655250549,0.46218663454055786,0.8476917743682861,True,100
Computers,RandomKFold,0,2,GCN,100,1000,950,0.32562628388404846,0.9083636403083801,0.2958201766014099,0.9102144837379456,False,100
Computers,RandomKFold,0,1,SAGE,100,516,416,0.34012284874916077,0.9014903903007507,0.3371221125125885,0.9022173881530762,True,100
Computers,RandomKFold,0,2,GAT,100,934,834,0.28120869398117065,0.918181836605072,0.26122307777404785,0.9203925728797913,True,100
Computers,RandomKFold,0,2,SAGE,100,1000,994,0.5792139768600464,0.8305454254150391,0.5807278156280518,0.8276990056037903,False,100
Computers,RandomKFold,0,1,MixHop,100,441,341,0.2660001516342163,0.9196655750274658,0.2748963236808777,0.9193020462989807,True,100
Computers,RandomKFold,0,2,GPRGNN,100,664,564,0.3349733352661133,0.910909116268158,0.318121075630188,0.9098509550094604,True,100
Computers,RandomKFold,0,3,MLP,100,165,65,0.45482710003852844,0.8516363501548767,0.49676084518432617,0.8378182053565979,True,100
Computers,RandomKFold,0,3,GCN,100,736,636,0.31651249527931213,0.8996363878250122,0.33777573704719543,0.9014545679092407,True,100
Computers,RandomKFold,0,2,MixHop,100,322,222,0.30303099751472473,0.9152727127075195,0.28754037618637085,0.9123954772949219,True,100
Computers,RandomKFold,0,3,GAT,100,1000,950,0.26409515738487244,0.917090892791748,0.2776314616203308,0.9160000085830688,False,100
Computers,RandomKFold,0,1,H2GCN,100,933,833,0.7275773286819458,0.8080697655677795,0.7413685321807861,0.7960741519927979,True,100
Computers,RandomKFold,0,3,GPRGNN,100,623,523,0.3084557056427002,0.9105454683303833,0.33633914589881897,0.910909116268158,True,100
Computers,RandomKFold,0,3,SAGE,100,788,688,0.49956458806991577,0.845090925693512,0.512164831161499,0.8396363854408264,True,100
Computers,RandomKFold,0,4,MLP,100,160,60,0.459291011095047,0.845090925693512,0.44492337107658386,0.848727285861969,True,100
Computers,RandomKFold,0,4,GCN,100,905,805,0.3015998601913452,0.913454532623291,0.30278947949409485,0.9090909361839294,True,100
Computers,RandomKFold,0,4,GAT,100,934,834,0.25411707162857056,0.921818196773529,0.2719164490699768,0.9138181805610657,True,100
Computers,RandomKFold,0,3,MixHop,100,396,296,0.28325968980789185,0.914545476436615,0.29282641410827637,0.9174545407295227,True,100
Computers,RandomKFold,0,2,H2GCN,100,1000,973,0.7623060941696167,0.7785454392433167,0.7288542985916138,0.8073427677154541,False,100
Computers,RandomKFold,0,4,GPRGNN,100,527,427,0.32337844371795654,0.9094545245170593,0.31205329298973083,0.9050909280776978,True,100
Computers,RandomKFold,0,4,SAGE,100,998,898,0.30146524310112,0.9054545164108276,0.3207074701786041,0.8992727398872375,True,100
Computers,RandomKFold,0,5,MLP,100,151,51,0.4499988853931427,0.8513267636299133,0.45199623703956604,0.8483636379241943,True,100
Computers,RandomKFold,0,5,GCN,100,632,532,0.30613428354263306,0.9120320081710815,0.3058317005634308,0.9112727046012878,True,100
Computers,RandomKFold,0,5,GAT,100,939,839,0.2704586982727051,0.9211195707321167,0.2606559693813324,0.9203636646270752,True,100
Computers,RandomKFold,0,4,MixHop,100,397,297,0.27615562081336975,0.9207272529602051,0.28039780259132385,0.9076363444328308,True,100
Computers,RandomKFold,0,3,H2GCN,100,1000,972,0.7484361529350281,0.7919999957084656,0.7612165212631226,0.7799999713897705,False,100
Computers,RandomKFold,0,5,GPRGNN,100,617,517,0.32813867926597595,0.9076699614524841,0.33039402961730957,0.9094545245170593,True,100
Computers,RandomKFold,0,5,SAGE,100,1000,917,0.36170122027397156,0.8920392394065857,0.34003445506095886,0.8909090757369995,False,100
Computers,RandomKFold,0,5,MixHop,100,467,367,0.26929906010627747,0.9167575240135193,0.27049002051353455,0.9174545407295227,True,100
Computers,RandomKFold,0,4,H2GCN,100,1000,981,0.7326836585998535,0.8047272562980652,0.746406614780426,0.7916363477706909,False,100
Computers,RandomKFold,0,5,H2GCN,100,1000,985,0.7392363548278809,0.8004361987113953,0.7336365580558777,0.8040000200271606,False,100
Computers,LabelStratifiedKFold,0,1,MLP,100,148,48,0.4580681622028351,0.8487822413444519,0.4481801986694336,0.845510721206665,True,100
Computers,LabelStratifiedKFold,0,1,GCN,100,882,782,0.33174899220466614,0.9043983817100525,0.303522527217865,0.9080334305763245,True,100
Computers,LabelStratifiedKFold,0,1,GAT,100,805,705,0.27795711159706116,0.9211195707321167,0.25689414143562317,0.914576530456543,True,100
Computers,LabelStratifiedKFold,0,1,GPRGNN,100,563,463,0.3396662473678589,0.9098509550094604,0.31345176696777344,0.916394054889679,True,100
Computers,LabelStratifiedKFold,0,2,MLP,100,149,49,0.46436595916748047,0.845090925693512,0.46792927384376526,0.8520538210868835,True,100
Computers,LabelStratifiedKFold,0,2,GCN,100,788,688,0.3183535635471344,0.9029091000556946,0.3244456350803375,0.9123954772949219,True,100
Computers,LabelStratifiedKFold,0,1,SAGE,100,679,579,0.3781866133213043,0.8829516768455505,0.3501864969730377,0.8920392394065857,True,100
Computers,LabelStratifiedKFold,0,2,GAT,100,1000,943,0.27826759219169617,0.9149090647697449,0.2763761281967163,0.9240276217460632,False,100
Computers,LabelStratifiedKFold,0,2,SAGE,100,523,423,0.42519405484199524,0.8821818232536316,0.4387299716472626,0.8687750101089478,True,100
Computers,LabelStratifiedKFold,0,2,GPRGNN,100,714,614,0.33661970496177673,0.8996363878250122,0.3360748887062073,0.9116684794425964,True,100
Computers,LabelStratifiedKFold,0,1,MixHop,100,404,304,0.2987593114376068,0.9134860038757324,0.27306443452835083,0.9149399995803833,True,100
Computers,LabelStratifiedKFold,0,3,MLP,100,149,49,0.4174566864967346,0.8643636107444763,0.44512230157852173,0.8552727103233337,True,100
Computers,LabelStratifiedKFold,0,3,GCN,100,1000,999,0.29485175013542175,0.906181812286377,0.31653377413749695,0.9032727479934692,False,100
Computers,LabelStratifiedKFold,0,3,GAT,100,1000,991,0.24996784329414368,0.9225454330444336,0.272630900144577,0.9160000085830688,False,100
Computers,LabelStratifiedKFold,0,2,MixHop,100,529,429,0.28012698888778687,0.9185454249382019,0.27897605299949646,0.916394054889679,True,100
Computers,LabelStratifiedKFold,0,1,H2GCN,100,1000,972,0.7430219650268555,0.7935296297073364,0.7380785346031189,0.796437680721283,False,100
Computers,LabelStratifiedKFold,0,3,GPRGNN,100,810,710,0.27782076597213745,0.9207272529602051,0.3225509226322174,0.9101818203926086,True,100
Computers,LabelStratifiedKFold,0,3,SAGE,100,923,823,0.3214726150035858,0.8967272639274597,0.33877161145210266,0.8909090757369995,True,100
Computers,LabelStratifiedKFold,0,4,MLP,100,147,47,0.4844546318054199,0.8381817936897278,0.4407895505428314,0.8607272505760193,True,100
Computers,LabelStratifiedKFold,0,4,GCN,100,763,663,0.3178235590457916,0.910909116268158,0.3056381940841675,0.906181812286377,True,100
Computers,LabelStratifiedKFold,0,4,GAT,100,887,787,0.28522181510925293,0.9200000166893005,0.26870211958885193,0.9163636565208435,True,100
Computers,LabelStratifiedKFold,0,2,H2GCN,100,1000,981,0.7456004023551941,0.7949091196060181,0.7421708106994629,0.7957106232643127,False,100
Computers,LabelStratifiedKFold,0,3,MixHop,100,514,414,0.25581422448158264,0.9200000166893005,0.28313612937927246,0.9116363525390625,True,100
Computers,LabelStratifiedKFold,0,4,SAGE,100,1000,992,0.3728937804698944,0.890181839466095,0.3394974172115326,0.8941818475723267,False,100
Computers,LabelStratifiedKFold,0,4,GPRGNN,100,1000,995,0.3384031057357788,0.9112727046012878,0.2945950925350189,0.917090892791748,False,100
Computers,LabelStratifiedKFold,0,5,MLP,100,158,58,0.457842081785202,0.8396946787834167,0.4772990047931671,0.8389090895652771,True,100
Computers,LabelStratifiedKFold,0,5,GCN,100,704,604,0.2973174452781677,0.9134860038757324,0.3188129961490631,0.910909116268158,True,100
Computers,LabelStratifiedKFold,0,4,MixHop,100,320,220,0.3001156449317932,0.9120000004768372,0.2781044840812683,0.9192727208137512,True,100
Computers,LabelStratifiedKFold,0,5,GAT,100,882,782,0.2553486227989197,0.9200291037559509,0.2765938639640808,0.9185454249382019,True,100
Computers,LabelStratifiedKFold,0,3,H2GCN,100,1000,981,0.7277728915214539,0.803636372089386,0.7460654377937317,0.795272707939148,False,100
Computers,LabelStratifiedKFold,0,5,GPRGNN,100,844,744,0.2901451289653778,0.9193020462989807,0.3290010392665863,0.9156363606452942,True,100
Computers,LabelStratifiedKFold,0,5,SAGE,100,831,731,0.3278600871562958,0.9011268615722656,0.36426231265068054,0.8978182077407837,True,100
Computers,LabelStratifiedKFold,0,5,MixHop,100,459,359,0.25668126344680786,0.9222100973129272,0.290788471698761,0.9167272448539734,True,100
Computers,LabelStratifiedKFold,0,4,H2GCN,100,1000,985,0.7467907667160034,0.7956363558769226,0.728664219379425,0.806181788444519,False,100
Computers,LabelStratifiedKFold,0,5,H2GCN,100,1000,971,0.738601565361023,0.7949836254119873,0.7473745346069336,0.7941818237304688,False,100
Computers,Sklearn_NeighHet_b250,0,1,MLP,100,161,61,0.43388092517852783,0.8556888699531555,0.4400007426738739,0.850963294506073,True,100
Computers,Sklearn_NeighHet_b250,0,1,GCN,100,957,857,0.2954287827014923,0.9131224751472473,0.3157981038093567,0.9025808572769165,True,100
Computers,Sklearn_NeighHet_b250,0,1,GPRGNN,100,526,426,0.3086385130882263,0.9131224751472473,0.3236108720302582,0.9080334305763245,True,100
Computers,Sklearn_NeighHet_b250,0,1,GAT,100,942,842,0.2688814699649811,0.9214830994606018,0.26560333371162415,0.9178480505943298,True,100
Computers,Sklearn_NeighHet_b250,0,2,MLP,100,151,51,0.45152556896209717,0.8530908823013306,0.44228848814964294,0.8480552434921265,True,100
Computers,Sklearn_NeighHet_b250,0,2,GCN,100,741,641,0.2985629141330719,0.910909116268158,0.3019060492515564,0.9123954772949219,True,100
Computers,Sklearn_NeighHet_b250,0,1,SAGE,100,718,618,0.3692971467971802,0.8949472904205322,0.38656163215637207,0.8840421438217163,True,100
Computers,Sklearn_NeighHet_b250,0,2,GAT,100,1000,949,0.2567804455757141,0.9225454330444336,0.27258801460266113,0.9196655750274658,False,100
Computers,Sklearn_NeighHet_b250,0,1,MixHop,100,391,291,0.2667059898376465,0.9207561016082764,0.2880200743675232,0.9123954772949219,True,100
Computers,Sklearn_NeighHet_b250,0,2,GPRGNN,100,757,657,0.3070524334907532,0.9130908846855164,0.31618818640708923,0.9134860038757324,True,100
Computers,Sklearn_NeighHet_b250,0,2,SAGE,100,1000,938,0.3441101908683777,0.893818199634552,0.3535477817058563,0.8905852437019348,False,100
Computers,Sklearn_NeighHet_b250,0,3,MLP,100,155,55,0.44605886936187744,0.8560000061988831,0.44564536213874817,0.8519999980926514,True,100
Computers,Sklearn_NeighHet_b250,0,3,GCN,100,1000,999,0.3035508096218109,0.9079999923706055,0.3050057590007782,0.9101818203926086,False,100
Computers,Sklearn_NeighHet_b250,0,3,GAT,100,447,347,0.2864695191383362,0.909818172454834,0.2907096743583679,0.9094545245170593,True,100
Computers,Sklearn_NeighHet_b250,0,2,MixHop,100,415,315,0.2714424729347229,0.9207272529602051,0.26769277453422546,0.9214830994606018,True,100
Computers,Sklearn_NeighHet_b250,0,1,H2GCN,100,854,754,0.743796706199646,0.8000727295875549,0.7418003678321838,0.789167582988739,True,100
Computers,Sklearn_NeighHet_b250,0,3,GPRGNN,100,837,737,0.31955859065055847,0.906181812286377,0.3038480281829834,0.9141818284988403,True,100
Computers,Sklearn_NeighHet_b250,0,3,SAGE,100,1000,920,0.3249815106391907,0.8978182077407837,0.32151368260383606,0.9007272720336914,False,100
Computers,Sklearn_NeighHet_b250,0,4,MLP,100,157,57,0.47227659821510315,0.848727285861969,0.44141069054603577,0.8563636541366577,True,100
Computers,Sklearn_NeighHet_b250,0,4,GCN,100,1000,960,0.3188082277774811,0.9014545679092407,0.30095264315605164,0.9116363525390625,False,100
Computers,Sklearn_NeighHet_b250,0,3,MixHop,100,339,239,0.28558605909347534,0.9112727046012878,0.28078770637512207,0.9163636565208435,True,100
Computers,Sklearn_NeighHet_b250,0,4,GAT,100,1000,971,0.2680744528770447,0.9149090647697449,0.261692613363266,0.9207272529602051,False,100
Computers,Sklearn_NeighHet_b250,0,2,H2GCN,100,1000,950,0.7409177422523499,0.7974545359611511,0.7476338744163513,0.8004361987113953,False,100
Computers,Sklearn_NeighHet_b250,0,4,SAGE,100,761,661,0.32937386631965637,0.9007272720336914,0.3198058605194092,0.9029091000556946,True,100
Computers,Sklearn_NeighHet_b250,0,4,GPRGNN,100,505,405,0.3350490629673004,0.9072727560997009,0.33074691891670227,0.906181812286377,True,100
Computers,Sklearn_NeighHet_b250,0,5,MLP,100,157,57,0.44007083773612976,0.8458742499351501,0.48247838020324707,0.8399999737739563,True,100
Computers,Sklearn_NeighHet_b250,0,5,GCN,100,543,443,0.3242715299129486,0.9087604284286499,0.33799660205841064,0.8999999761581421,True,100
Computers,Sklearn_NeighHet_b250,0,5,GAT,100,785,685,0.2646622061729431,0.9174845218658447,0.28386902809143066,0.9127272963523865,True,100
Computers,Sklearn_NeighHet_b250,0,3,H2GCN,100,1000,997,0.7477172613143921,0.7887272834777832,0.744563102722168,0.7985454797744751,False,100
Computers,Sklearn_NeighHet_b250,0,5,SAGE,100,501,401,0.4480188190937042,0.8604143857955933,0.4382254183292389,0.8640000224113464,True,100
Computers,Sklearn_NeighHet_b250,0,4,MixHop,100,434,334,0.2941915690898895,0.9127272963523865,0.2729855477809906,0.918181836605072,True,100
Computers,Sklearn_NeighHet_b250,0,5,GPRGNN,100,915,815,0.312368780374527,0.909123957157135,0.32305529713630676,0.9105454683303833,True,100
Computers,Sklearn_NeighHet_b250,0,5,MixHop,100,341,241,0.2926788330078125,0.9123954772949219,0.3082563579082489,0.9065454602241516,True,100
Computers,Sklearn_NeighHet_b250,0,4,H2GCN,100,1000,977,0.734444797039032,0.8029090762138367,0.7429742813110352,0.7938181757926941,False,100
Computers,Sklearn_NeighHet_b250,0,5,H2GCN,100,1000,988,0.7412317991256714,0.7935296297073364,0.7328620553016663,0.8058182001113892,False,100
