Dataset,StratificationMethod,StratSeed,DegreeEmd,NeighHetEmd,PageRankEmd,EigCentralityEmd,ClusteringEmd
Cora,RandomKFold,0,0.2689730811990961,0.0074195651275681,1.9076487445213708e-05,0.0012609059738635,0.009579890009678
Cora,LabelStratifiedKFold,0,0.406028736077856,0.01356816422291,2.7733618360247745e-05,0.0007100571108405,0.0096010608284205
Cora,RandomKFold,1,0.2543631225334695,0.0118694217637938,1.854918284356529e-05,0.0010592496219496,0.0100703724565585
Cora,LabelStratifiedKFold,1,0.2595341421732891,0.0150162889635285,2.057194222610257e-05,0.0007407850821359,0.0131204452431893
Cora,RandomKFold,2,0.2219187831197139,0.0090816089412974,1.66699110775385e-05,0.0008027274574307,0.010381056564755
Cora,LabelStratifiedKFold,2,0.2880084787518428,0.0151316661555623,2.2586675250915984e-05,0.0007339245870973,0.0090213576228715
Cora,RandomKFold,3,0.3360902569100155,0.0090944170888355,2.4507559756539373e-05,0.0009334696125981,0.0107659213658334
Cora,LabelStratifiedKFold,3,0.2378107665753242,0.0120223680795237,1.7364371710429918e-05,0.0006647304573706,0.0171833097920973
Cora,RandomKFold,4,0.2465370791447247,0.0137795275454689,1.8391325592067183e-05,0.0007365098638704,0.0112117419072951
Cora,LabelStratifiedKFold,4,0.3815328562615674,0.0120817570156807,2.5897297087781245e-05,0.0008589489229825,0.0148747198038741
CiteSeer,RandomKFold,0,0.1736419579236734,0.0142708692486158,1.1034378438465831e-05,0.0008056567163875,0.0093443729399177
CiteSeer,LabelStratifiedKFold,0,0.1463699167007038,0.0076744988989206,9.205791866260403e-06,0.0006004275203159,0.0083338996992638
CiteSeer,RandomKFold,1,0.1254073180009311,0.012505686507434,8.115847429741025e-06,0.0005723079142926,0.0077235510492203
CiteSeer,LabelStratifiedKFold,1,0.1601911850357586,0.0070080730964825,1.1197751150346025e-05,0.0007009021247331,0.0070122263848575
CiteSeer,RandomKFold,2,0.2115042392779573,0.0144158551828595,1.3580450456102717e-05,0.0009141086257785,0.0122031942814533
CiteSeer,LabelStratifiedKFold,2,0.1753703880494266,0.0136231240947597,1.0274087968019086e-05,0.0005629590089056,0.0078850265716662
CiteSeer,RandomKFold,3,0.1623173768017401,0.013650945462572,9.789023713747804e-06,0.0006601569497495,0.0071586456807004
CiteSeer,LabelStratifiedKFold,3,0.1921280475577857,0.0081859455967015,1.2529669667103808e-05,0.0006966142672941,0.0123089548491562
CiteSeer,RandomKFold,4,0.1571133387535082,0.0105673668266535,1.1382573067698003e-05,0.0007084975151839,0.0113957484444547
CiteSeer,LabelStratifiedKFold,4,0.1613963258498412,0.0119938034310517,1.013790205042564e-05,0.0007749241975533,0.008917648279614
chameleon,RandomKFold,0,1.7564722361289875,0.0092027964662768,3.1239074616128574e-05,0.0006554480611159,0.0136098940479145
chameleon,LabelStratifiedKFold,0,2.9454230145648923,0.0113660815430951,4.208146298627647e-05,0.0007942883237409,0.0102789147250622
chameleon,RandomKFold,1,2.7063789655551664,0.0148357155836592,4.1094073446203285e-05,0.0010098749699039,0.0138090951885572
chameleon,LabelStratifiedKFold,1,1.5872114232068495,0.00944440306003,2.783598601009328e-05,0.0004822400657517,0.0136466155453937
chameleon,RandomKFold,2,2.3530746497336907,0.0123455101250294,4.029077306242275e-05,0.0007035452807979,0.0149016718478668
chameleon,LabelStratifiedKFold,2,3.222795694008507,0.0116966594291743,4.9678011245225306e-05,0.0011147123454339,0.0114386876773408
chameleon,RandomKFold,3,3.0424061420400075,0.0077595425125365,5.384470254023648e-05,0.0011361029552709,0.0109006090071175
chameleon,LabelStratifiedKFold,3,2.0057126321428376,0.0095341634484842,3.39505431565341e-05,0.0005652462019099,0.0131192002655837
chameleon,RandomKFold,4,2.8940643312954526,0.0115577891675537,5.205093135113112e-05,0.0008001951237026,0.0129278902122649
chameleon,LabelStratifiedKFold,4,2.487197960950824,0.0081450229439665,3.2669690089999164e-05,0.0010351020412931,0.0102209127870757
Actor,RandomKFold,0,0.496157894736802,0.006015496926088,9.798000843795105e-06,0.0003112344695394,0.0041618678418006
Actor,LabelStratifiedKFold,0,0.6359473684210127,0.0091094747298446,1.113482221528018e-05,0.0003159572111206,0.0060235311069221
Actor,RandomKFold,1,0.540736842105223,0.0077615383913446,9.816376515667549e-06,0.0002788365619366,0.0036585271334095
Actor,LabelStratifiedKFold,1,0.5054736842104866,0.0060030507553172,9.468123612903362e-06,0.0002906876167002,0.0032660425091474
Actor,RandomKFold,2,0.5777894736841707,0.0054011855899895,1.0485255007274146e-05,0.0004087266402128,0.0065349361272154
Actor,LabelStratifiedKFold,2,0.5479999999999603,0.0056885874787051,9.98257769997568e-06,0.0002978950912931,0.0066264791590431
Actor,RandomKFold,3,0.5276315789473288,0.0060919013616481,9.83327029287186e-06,0.0002574079023538,0.0051831055691524
Actor,LabelStratifiedKFold,3,0.6163157894736446,0.0078116995311881,1.0702328982436904e-05,0.0003673511540589,0.0043130218822983
Actor,RandomKFold,4,0.50721052631575,0.0068536361740215,9.293377969987334e-06,0.0003511758988569,0.0034278111675473
Actor,LabelStratifiedKFold,4,0.5454736842104863,0.0064567964047585,9.73567270082701e-06,0.0002588011650752,0.0044957764755746
Texas,RandomKFold,0,1.1217594643824156,0.0247487061747149,0.0018004281764344,0.0098571081918884,0.0458402648690009
Texas,LabelStratifiedKFold,0,1.1905331561069257,0.0301548667328722,0.0018936655252918,0.0086462343620481,0.038769190416633
Texas,RandomKFold,1,1.1315413774430172,0.0267653628065659,0.0017823411855619,0.0103875679029617,0.0451846137295279
Texas,LabelStratifiedKFold,1,1.1167503569142905,0.0360387872661174,0.0017882061052019,0.0082346223703442,0.0645458171825462
Texas,RandomKFold,2,1.175372913897503,0.0268817074741029,0.0017828365068023,0.0091271413234521,0.0498699509549281
Texas,LabelStratifiedKFold,2,1.2550731058927789,0.0265012022811753,0.0019547312249487,0.0101920547551053,0.073549892553873
Texas,RandomKFold,3,1.0482794269679507,0.0237406318234728,0.0017496894783737,0.0087458449015679,0.0406969953705464
Texas,LabelStratifiedKFold,3,1.1645202579628804,0.0219724774329846,0.0018248683375913,0.0085137721059662,0.0570801318737938
Texas,RandomKFold,4,1.3005809087776306,0.0260956493024761,0.0020243958430896,0.012120315350562,0.0643465410979446
Texas,LabelStratifiedKFold,4,1.168662925220303,0.0204777816470948,0.0018974667569045,0.0087226454699332,0.0386035091253342
Cora,WDES_Degree,0,0.1424993945180752,0.0089241068676747,1.160348029809626e-05,0.0008276861530948,0.0091419454087177
Cora,WDES_NeighHet,0,0.2554872097100923,0.0023487876691079,1.7638264082380668e-05,0.0008547556293607,0.0124401785675842
Cora,WDES_PageRank,0,0.1624875388702056,0.0159968068617502,1.0131671253804257e-05,0.0008518539703091,0.0077385113471459
Cora,WDES_EigCentrality,0,0.2964047204286502,0.0069661531103556,2.1665598277775123e-05,0.0004771452961049,0.0091267685057528
Cora,WDES_Clustering,0,0.3243161792094299,0.0156264569763439,2.4139391607649344e-05,0.0010377519390186,0.0022618769579033
Cora,WDES_Degree,1,0.1408344353445189,0.0104010961501807,1.2143329380026557e-05,0.0007561319348847,0.0086332870283239
Cora,WDES_NeighHet,1,0.2499813647882395,0.0027068486974845,1.7573961196495745e-05,0.0009980972099784,0.0108871754486705
Cora,WDES_PageRank,1,0.1725859456641283,0.0141463943449544,1.0368235096989276e-05,0.0008505820732145,0.0072816300988992
Cora,WDES_EigCentrality,1,0.2594052578187303,0.0113460587422493,1.9818110031873165e-05,0.0004854727987298,0.0155629511309254
Cora,WDES_Clustering,1,0.1978933813206594,0.0088980645866578,1.5272858008024705e-05,0.000974678646915,0.0025237448304514
Cora,WDES_Degree,2,0.1393338819301615,0.0176848130096414,1.1541371843228096e-05,0.0007197452328476,0.0129137401935653
Cora,WDES_NeighHet,2,0.2627985468675624,0.0026305519083651,1.98621963552502e-05,0.0006758648407092,0.0130037918313074
Cora,WDES_PageRank,2,0.1551935810765497,0.006235849664001,9.86165893877141e-06,0.0008999104530854,0.0112173392064541
Cora,WDES_EigCentrality,2,0.3310543469632506,0.009559162877495,2.3866832092737755e-05,0.000487561743913,0.0167732198683787
Cora,WDES_Clustering,2,0.2707418712408351,0.0144246064316628,1.919076598158097e-05,0.0008725385081124,0.0029819880098757
Cora,WDES_Degree,3,0.1415895843185606,0.0113794584160871,1.3287114644045456e-05,0.0008652343363722,0.0082541358595202
Cora,WDES_NeighHet,3,0.2285520419810448,0.0020992182961508,1.7070860227243893e-05,0.0007529073929913,0.0092707359011294
Cora,WDES_PageRank,3,0.1761885870332375,0.0159827100565577,1.0418093423539417e-05,0.0007783511069906,0.010739848739622
Cora,WDES_EigCentrality,3,0.3286464214978092,0.0079193376758425,2.3396007257821234e-05,0.0004865013351424,0.0109012525462919
Cora,WDES_Clustering,3,0.2284936866110993,0.0099657078734452,1.6593702960685482e-05,0.0006916391220585,0.0026932527809161
Cora,WDES_Degree,4,0.1348936549675597,0.015197296616228,1.255095502398093e-05,0.0009268212975813,0.0130672888690895
Cora,WDES_NeighHet,4,0.2839685846791157,0.0028004289981791,2.179514342969192e-05,0.0008685913825054,0.0118630295136487
Cora,WDES_PageRank,4,0.1646096458370766,0.0121337960334757,1.0505224417776383e-05,0.0008918975865644,0.0086277996984531
Cora,WDES_EigCentrality,4,0.2934364107263322,0.0085143691372591,2.3031661953624053e-05,0.0004713969524465,0.0106998417772349
Cora,WDES_Clustering,4,0.2687212023311865,0.0092052136072931,1.943315943805687e-05,0.0010630523050804,0.0023938420250892
chameleon,WDES_Degree,0,0.9201398830002988,0.016844292754387,2.333922152407847e-05,0.0004257722453248,0.0084301673944293
chameleon,WDES_NeighHet,0,1.965563725620933,0.003017110513631,3.51684591197498e-05,0.0003987426091876,0.0120235974615376
chameleon,WDES_PageRank,0,1.7185755510698333,0.0133696713210753,1.879805912210287e-05,0.0008253055290867,0.0177870662444506
chameleon,WDES_EigCentrality,0,2.7306101869145296,0.0126842475760961,5.440095625888892e-05,0.0001970097139954,0.016814964149955
chameleon,WDES_Clustering,0,1.6674198011497787,0.0108744844727395,3.0119841316128327e-05,0.0008200515135984,0.0037464291000693
chameleon,WDES_Degree,1,0.992778948740051,0.0123848807991467,2.610302325495016e-05,0.0006399002989578,0.0184391557474237
chameleon,WDES_NeighHet,1,2.5147146243027216,0.003388374982981,4.566731316076989e-05,0.0010397620617196,0.0118052034888016
chameleon,WDES_PageRank,1,1.8796355094181192,0.0101206281706077,1.8249877278453015e-05,0.001085143731864,0.0108482089278581
chameleon,WDES_EigCentrality,1,1.9906115674307896,0.0114540108203943,3.364960211877401e-05,0.0002132221907152,0.0125860193403847
chameleon,WDES_Clustering,1,1.8483944976965545,0.0100355098191265,3.913302098377595e-05,0.0007925699874899,0.0038821656075103
chameleon,WDES_Degree,2,0.9486022558677044,0.0095735618666784,3.1313839791894285e-05,0.0005487595453348,0.0117498431157392
chameleon,WDES_NeighHet,2,2.15940493653308,0.0031691340389237,3.603271434273312e-05,0.0006389638267639,0.0097838147890234
chameleon,WDES_PageRank,2,2.070504696168313,0.0140237535988663,1.851510588484473e-05,0.0008493329537692,0.0127866376464843
chameleon,WDES_EigCentrality,2,2.9679727683961064,0.01080220956942,4.685056575612249e-05,0.0002863188443319,0.0100688848537191
chameleon,WDES_Clustering,2,2.2964784795677224,0.0086150708402029,3.8623965704436346e-05,0.0006343321586238,0.0042824036437847
chameleon,WDES_Degree,3,1.051584753918852,0.0110656021883192,2.6797382909344116e-05,0.0004657604606764,0.0138856163385829
chameleon,WDES_NeighHet,3,2.7363727957778288,0.0036193443372369,3.9709333213971134e-05,0.0012387149559777,0.0165439057455637
chameleon,WDES_PageRank,3,1.7285244605381922,0.008410993598467,1.795640462078785e-05,0.0008994505633081,0.0132622483470003
chameleon,WDES_EigCentrality,3,3.2637581195819196,0.00895837233657,6.155972171720553e-05,0.0001941896221436,0.0112254530720798
chameleon,WDES_Clustering,3,2.5133228289635605,0.0067780310342467,4.482847722806387e-05,0.0008412071210274,0.0042462677033352
chameleon,WDES_Degree,4,0.9409914697557747,0.0168908698769244,2.905637561259985e-05,0.0005074920968403,0.0108307186150621
chameleon,WDES_NeighHet,4,2.673899654883637,0.0035470035782471,3.744998685311464e-05,0.0007355831786973,0.011889624358125
chameleon,WDES_PageRank,4,1.5165434628935823,0.0104731523031297,1.8646293268095403e-05,0.0005615775207743,0.0125988631045838
chameleon,WDES_EigCentrality,4,2.0418470837578395,0.010872260388417,3.418247243306114e-05,0.0001982891932906,0.0140201651090434
chameleon,WDES_Clustering,4,2.460268156709807,0.0079025953329105,3.095197661015635e-05,0.0010888444318988,0.0036738645704343
Actor,WDES_Degree,0,0.3609999999999602,0.005510208015183,7.68641084092332e-06,0.0002969728418516,0.0039881110022105
Actor,WDES_NeighHet,0,0.4878421052631183,0.0013819731157273,9.123924573710496e-06,0.0003071217176413,0.0034805311194162
Actor,WDES_PageRank,0,0.3751052631578557,0.0064039601789493,7.169085977134105e-06,0.0002286304619764,0.002877897981399
Actor,WDES_EigCentrality,0,0.4689473684210126,0.0067710013926813,9.00576834210228e-06,0.000181297257743,0.0063371592500666
Actor,WDES_Clustering,0,0.4241578947368025,0.007414453114824,8.234186469306358e-06,0.000286844270964,0.001114416080479
Actor,WDES_Degree,1,0.350105263157855,0.0077412498112964,7.65471276507524e-06,0.0003884966511289,0.0031805982111585
Actor,WDES_NeighHet,1,0.5374210526315399,0.0012911563214698,9.549562332105862e-06,0.0002549425785406,0.0049698973116511
Actor,WDES_PageRank,1,0.3795263157894339,0.0051357645416926,7.1460120780849115e-06,0.0002958291022443,0.0043357203445095
Actor,WDES_EigCentrality,1,0.5594736842104866,0.0050433270107758,1.0174650467138077e-05,0.0001875365680572,0.0036907519084746
Actor,WDES_Clustering,1,0.538368421052592,0.0057850036570116,9.698906193860855e-06,0.0002604371188241,0.0008574191811232
Actor,WDES_Degree,2,0.3685789473683808,0.0057599671286971,7.847190879462572e-06,0.0002404497056325,0.0035789629398348
Actor,WDES_NeighHet,2,0.4903684210525919,0.0017105898768886,9.01175665842029e-06,0.0003418550055931,0.0041020688563523
Actor,WDES_PageRank,2,0.3828947368420656,0.0052576292895368,7.145522750618206e-06,0.0002810729807888,0.0045723879782307
Actor,WDES_EigCentrality,2,0.580684210526276,0.006857481203385,1.0759355813617248e-05,0.0001880193766526,0.0029249747123726
Actor,WDES_Clustering,2,0.4585789473683814,0.0058936177029421,8.713007206447156e-06,0.0002949753518011,0.0009260891187103
Actor,WDES_Degree,3,0.3464736842104871,0.0077357179018619,7.180167421430104e-06,0.0002521408866853,0.0044326535305643
Actor,WDES_NeighHet,3,0.5197894736841706,0.0014530813066582,9.718683981783478e-06,0.000226892996185,0.0026989289096561
Actor,WDES_PageRank,3,0.3873684210525923,0.0048195899781819,7.0829360073837375e-06,0.0002484153326015,0.0036331346349002
Actor,WDES_EigCentrality,3,0.4499999999999606,0.0059507373397875,8.722277414971238e-06,0.0001793410551588,0.0045528539045083
Actor,WDES_Clustering,3,0.5392105263157492,0.0076121167866022,9.893667722394209e-06,0.0003440723846723,0.0010723064722928
Actor,WDES_Degree,4,0.3493157894736444,0.004286388822292,7.534560435545313e-06,0.0002996132549954,0.0044797465025534
Actor,WDES_NeighHet,4,0.4978947368420656,0.0017133827872182,9.196609351603972e-06,0.0003649426082264,0.0068444502065528
Actor,WDES_PageRank,4,0.3917368421052239,0.0087708697017086,7.0435596379952245e-06,0.0003455457479728,0.0049074191708947
Actor,WDES_EigCentrality,4,0.5120526315789075,0.0051080218992735,9.45661032495853e-06,0.0001750901498153,0.0046678063087364
Actor,WDES_Clustering,4,0.5672631578946971,0.0058881479766415,1.0270310843332089e-05,0.0003431504103419,0.0008890643609341
Texas,WDES_Degree,0,0.9128612218776144,0.035343237607983,0.0015623234972087,0.0120486611712294,0.0316297619787116
Texas,WDES_NeighHet,0,1.0890808841628503,0.0102006330991893,0.0017027809382407,0.0101486201286775,0.0357272172515296
Texas,WDES_PageRank,0,0.9868704770344106,0.0212924237449465,0.0015209909958589,0.0099309445106847,0.0494621430809416
Texas,WDES_EigCentrality,0,1.1352040565155312,0.0181767495790021,0.0018648477828483,0.0067481168374726,0.0569232502366808
Texas,WDES_Clustering,0,1.1499236941859885,0.0317098618771816,0.0018457537718305,0.0107770437049223,0.0129318403666317
Texas,WDES_Degree,1,0.9263870427804848,0.0142385779386151,0.001601609810207,0.0087773006116771,0.0487529634137271
Texas,WDES_NeighHet,1,1.122955742627873,0.0099879203834934,0.0017931227503437,0.0103630870448453,0.0468369799189736
Texas,WDES_PageRank,1,0.933980702013488,0.0238611885966849,0.001508787160148,0.0086777416417672,0.0268527729969123
Texas,WDES_EigCentrality,1,0.9977895928715592,0.0264746317772082,0.0016426952199097,0.0068831575542187,0.0430398653704227
Texas,WDES_Clustering,1,1.0890021168709687,0.0368721212127693,0.001807572964398,0.0089128228914266,0.0111442307120264
Texas,WDES_Degree,2,0.9133116723280648,0.0220022347992629,0.0016008007009083,0.0110683419748509,0.0555393338888562
Texas,WDES_NeighHet,2,1.112772608674247,0.0099307553742805,0.0018083566551693,0.0095673803285103,0.0589109631731412
Texas,WDES_PageRank,2,0.9787623689263028,0.0257676348152525,0.0015223832422595,0.0080198586425543,0.0411575937289268
Texas,WDES_EigCentrality,2,1.1215010092059277,0.0192990721435564,0.0017713083148421,0.006711737494728,0.0538482909522097
Texas,WDES_Clustering,2,1.056488455668783,0.019144321932757,0.0016928807832158,0.0081362625327134,0.0115615868108354
Texas,WDES_Degree,3,0.9347732978880516,0.0318581110545884,0.0015733531253345,0.0073532513205327,0.0473448182294649
Texas,WDES_NeighHet,3,1.096288091370058,0.0102339997972339,0.0017556900073702,0.0117453608428682,0.0384140658114078
Texas,WDES_PageRank,3,0.9514965785457582,0.0256041663792245,0.0015289275935267,0.0070070537147804,0.0403484072986277
Texas,WDES_EigCentrality,3,1.1699256633682855,0.0234191201801845,0.0018614887284292,0.0067681113016873,0.0385857620509482
Texas,WDES_Clustering,3,1.0853935903116227,0.0215647695624506,0.0017694522676443,0.0091990283167557,0.0123365198004904
Texas,WDES_Degree,4,0.9073056663220592,0.0196556790977091,0.0015845274458509,0.0073341600773696,0.0556469123090148
Texas,WDES_NeighHet,4,1.0738935656968438,0.0100058304493556,0.0017587488881269,0.0082131554491942,0.0451399161968532
Texas,WDES_PageRank,4,0.9631762910451428,0.0269986749567047,0.0015324218505419,0.0113969221259648,0.0269115781859007
Texas,WDES_EigCentrality,4,1.1076158125338458,0.0315326042773853,0.0018222457694412,0.0069383034609059,0.0473413771320822
Texas,WDES_Clustering,4,1.1191626052281791,0.0318264326561677,0.0017539554701664,0.0083893233901113,0.0119927427494453
CiteSeer,WDES_Degree,0,0.0705828010834899,0.0104854668060758,8.302690580720534e-06,0.0006425166666595,0.0063496886894992
CiteSeer,WDES_NeighHet,0,0.1878646318881719,0.0029571261912899,1.125732496700432e-05,0.0007756665009246,0.0114628474145568
CiteSeer,WDES_PageRank,0,0.1391475337382043,0.0125417397422072,5.2311791311239935e-06,0.0008791682927288,0.0175867777442878
CiteSeer,WDES_EigCentrality,0,0.1413903653275307,0.0143279101808178,1.1479373887645772e-05,0.0003297490835246,0.013448863056704
CiteSeer,WDES_Clustering,0,0.1319704272093818,0.014898757849231,1.0184078939915602e-05,0.0005977153732097,0.0024337813520477
CiteSeer,WDES_Degree,1,0.0721967364898411,0.0107234355811271,8.040034277390379e-06,0.0007080185811101,0.0109682322827668
CiteSeer,WDES_NeighHet,1,0.1664504045188406,0.0024005098741361,1.0035884715269049e-05,0.0006717696216418,0.0072139437956846
CiteSeer,WDES_PageRank,1,0.1349502713965726,0.0144112698632327,5.212788084410842e-06,0.0007919756853477,0.0083035551723442
CiteSeer,WDES_EigCentrality,1,0.1696761391858927,0.0166877653958149,1.0946609412008764e-05,0.0003526135564164,0.0078418197867113
CiteSeer,WDES_Clustering,1,0.161932357925904,0.0070947310852083,7.975405637969517e-06,0.000755960014119,0.0017614826137706
CiteSeer,WDES_Degree,2,0.0794991662781521,0.0083340344606758,8.748656711940358e-06,0.0007535382470148,0.0100425857828897
CiteSeer,WDES_NeighHet,2,0.1873151045511168,0.0019306653377199,9.764180994369416e-06,0.0008170027711149,0.0122216797555449
CiteSeer,WDES_PageRank,2,0.1362155699975462,0.0051690118045772,5.13226526451148e-06,0.0008227751692321,0.0080524703352274
CiteSeer,WDES_EigCentrality,2,0.139193349298234,0.0175494792648426,8.069970968193513e-06,0.0003066517785913,0.0053861178404912
CiteSeer,WDES_Clustering,2,0.150191751647782,0.0150061906080033,1.081080735154072e-05,0.0005117879978693,0.0021618698957431
CiteSeer,WDES_Degree,3,0.0773157143258241,0.008699644072225,7.689275495605445e-06,0.0005236772167614,0.0092204084260527
CiteSeer,WDES_NeighHet,3,0.1530569805858126,0.0030769113820245,8.987857980309666e-06,0.0006668336901449,0.0126262521672931
CiteSeer,WDES_PageRank,3,0.1322564378109923,0.0094587872101268,5.266160001596379e-06,0.0006338357675513,0.0094403126079407
CiteSeer,WDES_EigCentrality,3,0.1455614894065851,0.017097402782306,9.798377155165424e-06,0.0003247307985936,0.0098689231923462
CiteSeer,WDES_Clustering,3,0.130241717340574,0.0126801541359172,7.800050054992305e-06,0.0007718584443005,0.0021602438449358
CiteSeer,WDES_Degree,4,0.0759774378064925,0.0156969941472474,9.416986164920776e-06,0.0005894686453778,0.0068372653543286
CiteSeer,WDES_NeighHet,4,0.1605900485460077,0.0018356391303428,1.0553103133010196e-05,0.0006234826473913,0.0075703517348866
CiteSeer,WDES_PageRank,4,0.1154951738113435,0.0161717774773027,5.307925470528444e-06,0.0008619284787053,0.0126398391709234
CiteSeer,WDES_EigCentrality,4,0.1231599563657848,0.0155083050474478,7.961061301059217e-06,0.0003169441631558,0.0091674430842128
CiteSeer,WDES_Clustering,4,0.1833219715712253,0.0130297359380185,1.1444979051191834e-05,0.000593283530873,0.0017547223027819
CiteSeer,WDES_Degree,5,0.0754550467672779,0.0081924744106071,8.436162429915494e-06,0.000489032162817,0.0068531511968444
CiteSeer,WDES_NeighHet,5,0.1463773769226769,0.0019794352042026,1.072436060403971e-05,0.0005337037507387,0.0096661790419052
CiteSeer,WDES_PageRank,5,0.1193233520441539,0.0093507859033023,5.385856923001245e-06,0.0007553900014601,0.0118283772239401
CiteSeer,WDES_EigCentrality,5,0.1680552855342861,0.009639184588154,1.2001216799447954e-05,0.0003268774634121,0.0042543765259509
CiteSeer,WDES_Clustering,5,0.1547736317780463,0.0122926055414825,9.656437232728862e-06,0.0007544579568139,0.0015775965181502
CiteSeer,WDES_Degree,6,0.0736902129897247,0.0146695025711134,8.620782467199885e-06,0.000778646303961,0.0088555566211369
CiteSeer,WDES_NeighHet,6,0.1486213710540992,0.0022625835507542,9.437374342843009e-06,0.0007713615683426,0.007447091168804
CiteSeer,WDES_PageRank,6,0.1246895229772179,0.0143432627316489,5.384066613654557e-06,0.0007336818070697,0.0108374319702607
CiteSeer,WDES_EigCentrality,6,0.1475429697241674,0.0141292093490851,1.0481435286089938e-05,0.00032037752282,0.0171400882275776
CiteSeer,WDES_Clustering,6,0.1404539594544821,0.0193015014149443,1.053951949655054e-05,0.0005171706740163,0.001625893992345
CiteSeer,WDES_Degree,7,0.0803688581155252,0.0091817225639613,8.005203313017593e-06,0.0006672327785222,0.0053504535965866
CiteSeer,WDES_NeighHet,7,0.1887160036094592,0.0026989100029204,1.2906025715374862e-05,0.0006691876343939,0.0140327968704256
CiteSeer,WDES_PageRank,7,0.1183686871342899,0.0096889331372229,5.010528769621349e-06,0.0008621675710928,0.0070959517959172
CiteSeer,WDES_EigCentrality,7,0.1494274700064657,0.0096359003790172,1.131442306467024e-05,0.0003238864452168,0.0137813316759433
CiteSeer,WDES_Clustering,7,0.1299267596443814,0.0081333184890296,9.499491822501614e-06,0.000632479722045,0.0018649286255262
CiteSeer,WDES_Degree,8,0.077088981562429,0.006697022709963,9.092651823736308e-06,0.0007326389393336,0.0053184832923479
CiteSeer,WDES_NeighHet,8,0.174149220849426,0.0018380025424456,1.044353140847701e-05,0.0006684522086516,0.0108695835584015
CiteSeer,WDES_PageRank,8,0.1304384178343656,0.0146495615010312,5.14867367090039e-06,0.0006702816596038,0.0095570731544478
CiteSeer,WDES_EigCentrality,8,0.1552874961512431,0.0093191446722137,1.0463858160573017e-05,0.0003037776540037,0.0118422760504859
CiteSeer,WDES_Clustering,8,0.115310254287048,0.0100248660924567,8.896429405513575e-06,0.0007153808303176,0.0018892232987789
CiteSeer,WDES_Degree,9,0.067913091366179,0.0157712005298786,8.190717527513072e-06,0.0004732646147722,0.0093354205447245
CiteSeer,WDES_NeighHet,9,0.1354844719089425,0.0019858747431272,9.983431883019188e-06,0.0005175938426626,0.012277242679439
CiteSeer,WDES_PageRank,9,0.1279291206024641,0.0120554956495425,5.484217707048591e-06,0.000669559209684,0.0116482518851444
CiteSeer,WDES_EigCentrality,9,0.1785156234968786,0.0108678032779608,1.060288963637305e-05,0.0003096488045432,0.0115491829373468
CiteSeer,WDES_Clustering,9,0.1765195945045033,0.0088043445801908,1.118120790671308e-05,0.0006226775033269,0.0015851292323279
